row_id,target
0-4,0.0010325925580774887
0-32,0.0009862983098245953
0-34,0.0009862983098245953
